/*
SQLyog Ultimate v12.09 (64 bit)
MySQL - 5.1.36-community : Database - baicaowei
*********************************************************************
*/

/*!40101 SET NAMES utf8 */;

/*!40101 SET SQL_MODE=''*/;

/*!40014 SET @OLD_UNIQUE_CHECKS=@@UNIQUE_CHECKS, UNIQUE_CHECKS=0 */;
/*!40014 SET @OLD_FOREIGN_KEY_CHECKS=@@FOREIGN_KEY_CHECKS, FOREIGN_KEY_CHECKS=0 */;
/*!40101 SET @OLD_SQL_MODE=@@SQL_MODE, SQL_MODE='NO_AUTO_VALUE_ON_ZERO' */;
/*!40111 SET @OLD_SQL_NOTES=@@SQL_NOTES, SQL_NOTES=0 */;
CREATE DATABASE /*!32312 IF NOT EXISTS*/`baicaowei` /*!40100 DEFAULT CHARACTER SET utf8 */;

USE `baicaowei`;

/*Table structure for table `carts` */

DROP TABLE IF EXISTS `carts`;

CREATE TABLE `carts` (
  `car_id` int(11) NOT NULL AUTO_INCREMENT,
  `pro_id` int(11) DEFAULT NULL,
  `user_id` int(11) DEFAULT NULL,
  `car_num` int(11) DEFAULT NULL,
  `car_total` decimal(10,0) DEFAULT NULL,
  PRIMARY KEY (`car_id`),
  KEY `fk_cart_pro` (`pro_id`),
  KEY `fk_cart_userinfo` (`user_id`),
  CONSTRAINT `fk_cart_pro` FOREIGN KEY (`pro_id`) REFERENCES `proinfo` (`pro_id`) ON DELETE CASCADE ON UPDATE CASCADE,
  CONSTRAINT `fk_cart_userinfo` FOREIGN KEY (`user_id`) REFERENCES `userinfo` (`user_id`) ON DELETE CASCADE ON UPDATE CASCADE
) ENGINE=InnoDB AUTO_INCREMENT=32 DEFAULT CHARSET=utf8;

/*Data for the table `carts` */

insert  into `carts`(`car_id`,`pro_id`,`user_id`,`car_num`,`car_total`) values (3,2,5,0,NULL),(4,5,5,0,NULL),(5,15,5,1,NULL),(6,1,5,0,NULL),(7,3,5,0,NULL),(8,25,5,0,NULL),(9,51,5,0,NULL),(10,69,5,0,NULL),(11,90,5,0,NULL),(12,68,5,0,NULL),(13,79,5,0,NULL),(14,28,5,0,NULL),(15,30,5,0,NULL),(16,6,5,0,NULL),(17,24,5,0,NULL),(18,13,5,0,NULL),(19,22,5,0,NULL),(20,4,5,0,NULL),(23,23,5,0,NULL),(24,1,7,1,NULL),(25,12,5,0,NULL),(26,11,5,999,NULL),(27,2,8,0,NULL),(28,25,8,0,NULL),(29,26,8,0,NULL),(30,5,8,4,NULL),(31,3,9,1,NULL);

/*Table structure for table `comment` */

DROP TABLE IF EXISTS `comment`;

CREATE TABLE `comment` (
  `cmt_id` int(20) NOT NULL AUTO_INCREMENT COMMENT '评论id',
  `pro_id` int(11) NOT NULL COMMENT '商品id',
  `user_id` int(11) NOT NULL COMMENT '用户id',
  `cmt_content` varchar(300) NOT NULL COMMENT '评论内容',
  `cmt_star` int(1) NOT NULL COMMENT '评价星级',
  `cmt_good` int(10) DEFAULT NULL COMMENT '点赞数',
  `cmt_bad` int(10) DEFAULT NULL COMMENT '踩数',
  `cmt_time` bigint(20) NOT NULL COMMENT '评论时间',
  PRIMARY KEY (`cmt_id`),
  KEY `fk_cmt_userid` (`user_id`),
  KEY `fk_cmt_proid` (`pro_id`),
  CONSTRAINT `fk_cmt_proid` FOREIGN KEY (`pro_id`) REFERENCES `proinfo` (`pro_id`) ON DELETE CASCADE ON UPDATE CASCADE,
  CONSTRAINT `fk_cmt_userid` FOREIGN KEY (`user_id`) REFERENCES `userinfo` (`user_id`) ON DELETE CASCADE ON UPDATE CASCADE
) ENGINE=InnoDB AUTO_INCREMENT=10 DEFAULT CHARSET=utf8;

/*Data for the table `comment` */

insert  into `comment`(`cmt_id`,`pro_id`,`user_id`,`cmt_content`,`cmt_star`,`cmt_good`,`cmt_bad`,`cmt_time`) values (2,1,5,'在MySQL中，可以使用where条件语句，实现相同的功能 \n在department表和employee表之间，使用where查询',4,8,2,1539164410),(3,1,5,'现代的辅助技术能够识别并朗读由 CSS 生成的内容和特定的 Unicode 字符。为了避免 屏幕识读设备抓取非故意的和可能产生混淆的输出内容（尤其是当图标纯粹作为装饰用途时），我们为这些图标设置了 aria-hidden=\"true\" 属性。',4,2,1,1539166554),(4,12,5,'如果你所创建的组件不包含任何文本内容（例如， <button> 内只包含了一个图标），你应当提供其他的内容来表示这个控件的意图，这样就能让使用辅助设备的用户知道其作用了。这种情况下，你可以为控件添加 aria-label 属性。',4,0,0,1539167185),(5,12,5,'至圣先师——在贵族至上、身份地位决定生活的时代，孔夫子的思想能够说是超前的。“己所不欲，勿施于人”，这似乎适用于一切人际关系；“仁”的思想，以前的我一向觉得就是仁义、道义，此刻忽觉：不正是“二人”吗？孔子核心思想为“仁”，不正是讲的如何处理人与人之间的关系吗？在《论语》中，“仁”字出现过109次，“仁者先难而后获，可谓仁义矣”“知者不惑，仁者不忧，勇者不惧”“知者动，仁者静，知者乐，仁者寿”……读《论语》就仿佛在读中华文化与中国精神，一种人与人就应怎样相处的文化，一种言而有信、见义勇为、尽善尽美、后生可畏的精神。',2,1,0,1539167644),(6,3,5,'这个东西不错',3,2,1,1539309105),(7,5,8,'这个东西很不错!!',4,1,1,1539313217),(8,3,9,'好吃',4,0,0,1558085172),(9,2,9,'好吃',4,1,0,1558085671);

/*Table structure for table `orders` */

DROP TABLE IF EXISTS `orders`;

CREATE TABLE `orders` (
  `o_id` int(5) NOT NULL AUTO_INCREMENT,
  `o_number` varchar(20) NOT NULL,
  `user_id` int(5) NOT NULL,
  `o_address` varchar(50) DEFAULT NULL,
  `o_poscode` varchar(10) DEFAULT NULL,
  `o_total` float DEFAULT NULL,
  `o_time` varchar(20) DEFAULT NULL,
  `o_tel` varchar(20) DEFAULT NULL,
  `o_name` varchar(20) DEFAULT NULL,
  PRIMARY KEY (`o_id`)
) ENGINE=InnoDB AUTO_INCREMENT=24 DEFAULT CHARSET=utf8;

/*Data for the table `orders` */

insert  into `orders`(`o_id`,`o_number`,`user_id`,`o_address`,`o_poscode`,`o_total`,`o_time`,`o_tel`,`o_name`) values (1,'1557826800456',22,'11 11','11',490,'下午5:40:00','11','11'),(2,'1557835116094',22,'111 111','111',490,'2019/5/14 下午7:58:36','111','111'),(3,'1557835274421',22,'111 111','111',490,'2019/5/14 下午8:01:14','111','111'),(4,'1557835289277',22,'111 111','111',490,'2019/5/14 下午8:01:29','111','111'),(5,'1557835459508',22,'111 1111','1111',490,'2019/5/14 下午8:04:19','11111','11111'),(6,'1557835533211',22,'1111 1111','1111',490,'2019/5/14 下午8:05:33','1111','1111'),(7,'1557847031023',22,'555 5555','55555',490,'2019/5/14 下午11:17:11','5555','5555'),(8,'1557847797291',22,'111 111','1111',490,'2019/5/14 下午11:29:57','1111','1111'),(9,'1557848809007',22,'11 111','111',185,'2019/5/14 下午11:46:49','1111','111'),(10,'1557849296747',22,'111 1111','1111',300,'2019/5/14 下午11:54:56','11111','1111'),(11,'1557849430938',22,'去去去 去去去','去去去',330,'2019/5/14 下午11:57:10','去去去','去去去'),(12,'1557849550753',22,'333 333','333',285,'2019/5/14 下午11:59:10','333','333'),(13,'1557849673768',22,'444 444','444',115,'2019/5/15 上午12:01:13','4444','444'),(14,'1557849831792',22,'111 1111','1111',165,'2019/5/15 上午12:03:51','1111','1111'),(15,'1557849908792',22,'555 555','5555',210,'2019/5/15 上午12:05:08','55555','5555'),(16,'1557850079839',22,'555 666','7777',115,'2019/5/15 上午12:07:59','99999','8888'),(17,'1557850167678',22,'111 1111','1111',90,'2019/5/15 上午12:09:27','11111','11111'),(18,'1557850285598',22,'777 7777','7777',115,'2019/5/15 上午12:11:25','7777','7777'),(19,'1557895181575',22,'1111 1111','1111',45,'2019/5/15 下午12:39:41','1111','1111'),(20,'1557895267887',22,'哈哈哈 辉煌光环','韩国韩国和',45,'2019/5/15 下午12:41:07','11111','黑乎乎'),(21,'1557922885869',22,'怀化 怀化学院','42000',105,'2019/5/15 下午8:21:25','15111537633','黄刚'),(22,'1557923964221',22,'111 111','111',60,'2019/5/15 下午8:39:24','1111','1111'),(23,'1557951437241',23,'1111 去去去','7777',160,'2019/5/16 上午4:17:17','去去去','111');

/*Table structure for table `proinfo` */

DROP TABLE IF EXISTS `proinfo`;

CREATE TABLE `proinfo` (
  `pro_id` int(11) NOT NULL AUTO_INCREMENT COMMENT '商品id',
  `pro_name` varchar(200) NOT NULL COMMENT '商品名称',
  `pro_price` double NOT NULL COMMENT '商品价格',
  `pro_depict` varchar(500) DEFAULT NULL COMMENT '商品描述',
  `pro_stock` int(11) DEFAULT NULL COMMENT '商品的库存',
  `pro_img` varchar(500) DEFAULT NULL COMMENT '商品图片路径',
  `pro_classify` varchar(20) NOT NULL COMMENT '商品分类',
  PRIMARY KEY (`pro_id`)
) ENGINE=InnoDB AUTO_INCREMENT=109 DEFAULT CHARSET=utf8;

/*Data for the table `proinfo` */

insert  into `proinfo`(`pro_id`,`pro_name`,`pro_price`,`pro_depict`,`pro_stock`,`pro_img`,`pro_classify`) values (1,'碧根果',45,'碧根果含有丰富的脂肪、糖类、蛋白质、多种维生素和矿物质。\n 食用后能补肾健脑、补中益气，润肌肤、乌须发。壳很脆，跟香榧一样脆，易剥。肉质介于大核桃与小核桃之间，\n 碧根果是全世界17种核桃之一。',999,'img/shop/1.jpg','健康坚果'),(2,'巴旦木',60,'巴旦木营养丰富，一盎司（约30克/23颗）巴旦木含有约6克蛋白质、4克膳食纤维、75毫克钙、7.4毫克维生素E、0.3毫克维生素B2及1毫克烟酸。',999,'img/shop/2.jpg','健康坚果'),(3,'瓜子',10,'葵花子当中富含不饱和脂肪酸，其中人体必需的亚油酸约达到50%～60%。\n 除富含不饱和脂肪酸外，葵花子中还含有多种维生素、叶酸、铁、钾、锌等人体必需的营养成分。\n 葵花子当中有大量的食用纤维，每7克的葵花子当中就含有1克，比苹果的食用纤维含量比例高得多。',999,'img/shop/9.jpg','健康坚果'),(4,'碧根果',45,'碧根果含有丰富的脂肪、糖类、蛋白质、多种维生素和矿物质。\n 食用后能补肾健脑、补中益气，润肌肤、乌须发。壳很脆，跟香榧一样脆，易剥。肉质介于大核桃与小核桃之间，\n 碧根果是全世界17种核桃之一。',999,'img/shop/4.jpg','健康坚果'),(5,'巴旦木',60,'巴旦木营养丰富，一盎司（约30克/23颗）巴旦木含有约6克蛋白质、4克膳食纤维、75毫克钙、7.4毫克维生素E、0.3毫克维生素B2及1毫克烟酸。',999,'img/shop/5.jpg','健康坚果'),(6,'瓜子',10,'葵花子当中富含不饱和脂肪酸，其中人体必需的亚油酸约达到50%～60%。\n 除富含不饱和脂肪酸外，葵花子中还含有多种维生素、叶酸、铁、钾、锌等人体必需的营养成分。\n 葵花子当中有大量的食用纤维，每7克的葵花子当中就含有1克，比苹果的食用纤维含量比例高得多。',999,'img/shop/6.jpg','健康坚果'),(7,'碧根果',45,'碧根果含有丰富的脂肪、糖类、蛋白质、多种维生素和矿物质。\n 食用后能补肾健脑、补中益气，润肌肤、乌须发。壳很脆，跟香榧一样脆，易剥。肉质介于大核桃与小核桃之间，\n 碧根果是全世界17种核桃之一。',999,'img/shop/7.jpg','健康坚果'),(8,'巴旦木',60,'巴旦木营养丰富，一盎司（约30克/23颗）巴旦木含有约6克蛋白质、4克膳食纤维、75毫克钙、7.4毫克维生素E、0.3毫克维生素B2及1毫克烟酸。',999,'img/shop/8.jpg','健康坚果'),(9,'瓜子',10,'葵花子当中富含不饱和脂肪酸，其中人体必需的亚油酸约达到50%～60%。\n 除富含不饱和脂肪酸外，葵花子中还含有多种维生素、叶酸、铁、钾、锌等人体必需的营养成分。\n 葵花子当中有大量的食用纤维，每7克的葵花子当中就含有1克，比苹果的食用纤维含量比例高得多。',999,'img/shop/9.jpg','健康坚果'),(10,'碧根果',45,'碧根果含有丰富的脂肪、糖类、蛋白质、多种维生素和矿物质。\n 食用后能补肾健脑、补中益气，润肌肤、乌须发。壳很脆，跟香榧一样脆，易剥。肉质介于大核桃与小核桃之间，\n 碧根果是全世界17种核桃之一。',999,'img/shop/11.jpg','健康坚果'),(11,'巴旦木',60,'巴旦木营养丰富，一盎司（约30克/23颗）巴旦木含有约6克蛋白质、4克膳食纤维、75毫克钙、7.4毫克维生素E、0.3毫克维生素B2及1毫克烟酸。',999,'img/shop/12.jpg','健康坚果'),(12,'瓜子',10,'葵花子当中富含不饱和脂肪酸，其中人体必需的亚油酸约达到50%～60%。\n 除富含不饱和脂肪酸外，葵花子中还含有多种维生素、叶酸、铁、钾、锌等人体必需的营养成分。\n 葵花子当中有大量的食用纤维，每7克的葵花子当中就含有1克，比苹果的食用纤维含量比例高得多。',999,'img/shop/13.jpg','健康坚果'),(13,'碧根果',45,'碧根果含有丰富的脂肪、糖类、蛋白质、多种维生素和矿物质。\n 食用后能补肾健脑、补中益气，润肌肤、乌须发。壳很脆，跟香榧一样脆，易剥。肉质介于大核桃与小核桃之间，\n 碧根果是全世界17种核桃之一。',999,'img/shop/14.jpg','健康坚果'),(14,'巴旦木',60,'巴旦木营养丰富，一盎司（约30克/23颗）巴旦木含有约6克蛋白质、4克膳食纤维、75毫克钙、7.4毫克维生素E、0.3毫克维生素B2及1毫克烟酸。',999,'img/shop/15.jpg','健康坚果'),(15,'瓜子',10,'葵花子当中富含不饱和脂肪酸，其中人体必需的亚油酸约达到50%～60%。\n 除富含不饱和脂肪酸外，葵花子中还含有多种维生素、叶酸、铁、钾、锌等人体必需的营养成分。\n 葵花子当中有大量的食用纤维，每7克的葵花子当中就含有1克，比苹果的食用纤维含量比例高得多。',999,'img/shop/17.jpg','健康坚果'),(16,'碧根果',45,'碧根果含有丰富的脂肪、糖类、蛋白质、多种维生素和矿物质。\n 食用后能补肾健脑、补中益气，润肌肤、乌须发。壳很脆，跟香榧一样脆，易剥。肉质介于大核桃与小核桃之间，\n 碧根果是全世界17种核桃之一。',999,'img/shop/18.jpg','健康坚果'),(17,'巴旦木',60,'巴旦木营养丰富，一盎司（约30克/23颗）巴旦木含有约6克蛋白质、4克膳食纤维、75毫克钙、7.4毫克维生素E、0.3毫克维生素B2及1毫克烟酸。',999,'img/shop/19.jpg','健康坚果'),(18,'瓜子',10,'葵花子当中富含不饱和脂肪酸，其中人体必需的亚油酸约达到50%～60%。\n 除富含不饱和脂肪酸外，葵花子中还含有多种维生素、叶酸、铁、钾、锌等人体必需的营养成分。\n 葵花子当中有大量的食用纤维，每7克的葵花子当中就含有1克，比苹果的食用纤维含量比例高得多。',999,'img/shop/21.jpg','健康坚果'),(19,'碧根果',45,'碧根果含有丰富的脂肪、糖类、蛋白质、多种维生素和矿物质。\n 食用后能补肾健脑、补中益气，润肌肤、乌须发。壳很脆，跟香榧一样脆，易剥。肉质介于大核桃与小核桃之间，\n 碧根果是全世界17种核桃之一。',999,'img/shop/22.jpg','糕点糖果'),(20,'巴旦木',60,'巴旦木营养丰富，一盎司（约30克/23颗）巴旦木含有约6克蛋白质、4克膳食纤维、75毫克钙、7.4毫克维生素E、0.3毫克维生素B2及1毫克烟酸。',999,'img/shop/24.jpg','糕点糖果'),(21,'瓜子',10,'葵花子当中富含不饱和脂肪酸，其中人体必需的亚油酸约达到50%～60%。\n 除富含不饱和脂肪酸外，葵花子中还含有多种维生素、叶酸、铁、钾、锌等人体必需的营养成分。\n 葵花子当中有大量的食用纤维，每7克的葵花子当中就含有1克，比苹果的食用纤维含量比例高得多。',999,'img/shop/27.jpg','糕点糖果'),(22,'碧根果',45,'碧根果含有丰富的脂肪、糖类、蛋白质、多种维生素和矿物质。\n 食用后能补肾健脑、补中益气，润肌肤、乌须发。壳很脆，跟香榧一样脆，易剥。肉质介于大核桃与小核桃之间，\n 碧根果是全世界17种核桃之一。',999,'img/shop/28.jpg','糕点糖果'),(23,'巴旦木',60,'巴旦木营养丰富，一盎司（约30克/23颗）巴旦木含有约6克蛋白质、4克膳食纤维、75毫克钙、7.4毫克维生素E、0.3毫克维生素B2及1毫克烟酸。',999,'img/shop/29.jpg','糕点糖果'),(24,'瓜子',10,'葵花子当中富含不饱和脂肪酸，其中人体必需的亚油酸约达到50%～60%。\n 除富含不饱和脂肪酸外，葵花子中还含有多种维生素、叶酸、铁、钾、锌等人体必需的营养成分。\n 葵花子当中有大量的食用纤维，每7克的葵花子当中就含有1克，比苹果的食用纤维含量比例高得多。',999,'img/shop/30.jpg','糕点糖果'),(25,'碧根果',45,'碧根果含有丰富的脂肪、糖类、蛋白质、多种维生素和矿物质。\n 食用后能补肾健脑、补中益气，润肌肤、乌须发。壳很脆，跟香榧一样脆，易剥。肉质介于大核桃与小核桃之间，\n 碧根果是全世界17种核桃之一。',999,'img/shop/31.jpg','糕点糖果'),(26,'巴旦木',60,'巴旦木营养丰富，一盎司（约30克/23颗）巴旦木含有约6克蛋白质、4克膳食纤维、75毫克钙、7.4毫克维生素E、0.3毫克维生素B2及1毫克烟酸。',999,'img/shop/32.jpg','糕点糖果'),(27,'瓜子',10,'葵花子当中富含不饱和脂肪酸，其中人体必需的亚油酸约达到50%～60%。\n 除富含不饱和脂肪酸外，葵花子中还含有多种维生素、叶酸、铁、钾、锌等人体必需的营养成分。\n 葵花子当中有大量的食用纤维，每7克的葵花子当中就含有1克，比苹果的食用纤维含量比例高得多。',999,'img/shop/33.jpg','糕点糖果'),(28,'碧根果',45,'碧根果含有丰富的脂肪、糖类、蛋白质、多种维生素和矿物质。\n 食用后能补肾健脑、补中益气，润肌肤、乌须发。壳很脆，跟香榧一样脆，易剥。肉质介于大核桃与小核桃之间，\n 碧根果是全世界17种核桃之一。',999,'img/shop/35.jpg','糕点糖果'),(29,'巴旦木',60,'巴旦木营养丰富，一盎司（约30克/23颗）巴旦木含有约6克蛋白质、4克膳食纤维、75毫克钙、7.4毫克维生素E、0.3毫克维生素B2及1毫克烟酸。',999,'img/shop/37.jpg','糕点糖果'),(30,'瓜子',10,'葵花子当中富含不饱和脂肪酸，其中人体必需的亚油酸约达到50%～60%。\n 除富含不饱和脂肪酸外，葵花子中还含有多种维生素、叶酸、铁、钾、锌等人体必需的营养成分。\n 葵花子当中有大量的食用纤维，每7克的葵花子当中就含有1克，比苹果的食用纤维含量比例高得多。',999,'img/shop/38.jpg','糕点糖果'),(31,'碧根果',45,'碧根果含有丰富的脂肪、糖类、蛋白质、多种维生素和矿物质。\n 食用后能补肾健脑、补中益气，润肌肤、乌须发。壳很脆，跟香榧一样脆，易剥。肉质介于大核桃与小核桃之间，\n 碧根果是全世界17种核桃之一。',999,'img/shop/39.jpg','糕点糖果'),(32,'巴旦木',60,'巴旦木营养丰富，一盎司（约30克/23颗）巴旦木含有约6克蛋白质、4克膳食纤维、75毫克钙、7.4毫克维生素E、0.3毫克维生素B2及1毫克烟酸。',999,'img/shop/40.jpg','糕点糖果'),(33,'瓜子',10,'葵花子当中富含不饱和脂肪酸，其中人体必需的亚油酸约达到50%～60%。\n 除富含不饱和脂肪酸外，葵花子中还含有多种维生素、叶酸、铁、钾、锌等人体必需的营养成分。\n 葵花子当中有大量的食用纤维，每7克的葵花子当中就含有1克，比苹果的食用纤维含量比例高得多。',999,'img/shop/42.jpg','糕点糖果'),(34,'碧根果',45,'碧根果含有丰富的脂肪、糖类、蛋白质、多种维生素和矿物质。\n 食用后能补肾健脑、补中益气，润肌肤、乌须发。壳很脆，跟香榧一样脆，易剥。肉质介于大核桃与小核桃之间，\n 碧根果是全世界17种核桃之一。',999,'img/shop/43.jpg','糕点糖果'),(35,'巴旦木',60,'巴旦木营养丰富，一盎司（约30克/23颗）巴旦木含有约6克蛋白质、4克膳食纤维、75毫克钙、7.4毫克维生素E、0.3毫克维生素B2及1毫克烟酸。',999,'img/shop/44.jpg','糕点糖果'),(36,'瓜子',10,'葵花子当中富含不饱和脂肪酸，其中人体必需的亚油酸约达到50%～60%。\n 除富含不饱和脂肪酸外，葵花子中还含有多种维生素、叶酸、铁、钾、锌等人体必需的营养成分。\n 葵花子当中有大量的食用纤维，每7克的葵花子当中就含有1克，比苹果的食用纤维含量比例高得多。',999,'img/shop/45.jpg','糕点糖果'),(37,'碧根果',45,'碧根果含有丰富的脂肪、糖类、蛋白质、多种维生素和矿物质。\n 食用后能补肾健脑、补中益气，润肌肤、乌须发。壳很脆，跟香榧一样脆，易剥。肉质介于大核桃与小核桃之间，\n 碧根果是全世界17种核桃之一。',999,'img/shop/46.jpg','肉脯海鲜'),(38,'巴旦木',60,'巴旦木营养丰富，一盎司（约30克/23颗）巴旦木含有约6克蛋白质、4克膳食纤维、75毫克钙、7.4毫克维生素E、0.3毫克维生素B2及1毫克烟酸。',999,'img/shop/47.jpg','肉脯海鲜'),(39,'瓜子',10,'葵花子当中富含不饱和脂肪酸，其中人体必需的亚油酸约达到50%～60%。\n 除富含不饱和脂肪酸外，葵花子中还含有多种维生素、叶酸、铁、钾、锌等人体必需的营养成分。\n 葵花子当中有大量的食用纤维，每7克的葵花子当中就含有1克，比苹果的食用纤维含量比例高得多。',999,'img/shop/48.jpg','肉脯海鲜'),(40,'碧根果',45,'碧根果含有丰富的脂肪、糖类、蛋白质、多种维生素和矿物质。\n 食用后能补肾健脑、补中益气，润肌肤、乌须发。壳很脆，跟香榧一样脆，易剥。肉质介于大核桃与小核桃之间，\n 碧根果是全世界17种核桃之一。',999,'img/shop/49.jpg','肉脯海鲜'),(41,'巴旦木',60,'巴旦木营养丰富，一盎司（约30克/23颗）巴旦木含有约6克蛋白质、4克膳食纤维、75毫克钙、7.4毫克维生素E、0.3毫克维生素B2及1毫克烟酸。',999,'img/shop/50.jpg','肉脯海鲜'),(42,'瓜子',10,'葵花子当中富含不饱和脂肪酸，其中人体必需的亚油酸约达到50%～60%。\n 除富含不饱和脂肪酸外，葵花子中还含有多种维生素、叶酸、铁、钾、锌等人体必需的营养成分。\n 葵花子当中有大量的食用纤维，每7克的葵花子当中就含有1克，比苹果的食用纤维含量比例高得多。',999,'img/shop/51.jpg','肉脯海鲜'),(43,'碧根果',45,'碧根果含有丰富的脂肪、糖类、蛋白质、多种维生素和矿物质。\n 食用后能补肾健脑、补中益气，润肌肤、乌须发。壳很脆，跟香榧一样脆，易剥。肉质介于大核桃与小核桃之间，\n 碧根果是全世界17种核桃之一。',999,'img/shop/52.jpg','肉脯海鲜'),(44,'巴旦木',60,'巴旦木营养丰富，一盎司（约30克/23颗）巴旦木含有约6克蛋白质、4克膳食纤维、75毫克钙、7.4毫克维生素E、0.3毫克维生素B2及1毫克烟酸。',999,'img/shop/53.jpg','肉脯海鲜'),(45,'瓜子',10,'葵花子当中富含不饱和脂肪酸，其中人体必需的亚油酸约达到50%～60%。\n 除富含不饱和脂肪酸外，葵花子中还含有多种维生素、叶酸、铁、钾、锌等人体必需的营养成分。\n 葵花子当中有大量的食用纤维，每7克的葵花子当中就含有1克，比苹果的食用纤维含量比例高得多。',999,'img/shop/54.jpg','肉脯海鲜'),(46,'碧根果',45,'碧根果含有丰富的脂肪、糖类、蛋白质、多种维生素和矿物质。\n 食用后能补肾健脑、补中益气，润肌肤、乌须发。壳很脆，跟香榧一样脆，易剥。肉质介于大核桃与小核桃之间，\n 碧根果是全世界17种核桃之一。',999,'img/shop/55.jpg','肉脯海鲜'),(47,'巴旦木',60,'巴旦木营养丰富，一盎司（约30克/23颗）巴旦木含有约6克蛋白质、4克膳食纤维、75毫克钙、7.4毫克维生素E、0.3毫克维生素B2及1毫克烟酸。',999,'img/shop/56.jpg','肉脯海鲜'),(48,'瓜子',10,'葵花子当中富含不饱和脂肪酸，其中人体必需的亚油酸约达到50%～60%。\n 除富含不饱和脂肪酸外，葵花子中还含有多种维生素、叶酸、铁、钾、锌等人体必需的营养成分。\n 葵花子当中有大量的食用纤维，每7克的葵花子当中就含有1克，比苹果的食用纤维含量比例高得多。',999,'img/shop/57.jpg','肉脯海鲜'),(49,'碧根果',45,'碧根果含有丰富的脂肪、糖类、蛋白质、多种维生素和矿物质。\n 食用后能补肾健脑、补中益气，润肌肤、乌须发。壳很脆，跟香榧一样脆，易剥。肉质介于大核桃与小核桃之间，\n 碧根果是全世界17种核桃之一。',999,'img/shop/58.jpg','肉脯海鲜'),(50,'巴旦木',60,'巴旦木营养丰富，一盎司（约30克/23颗）巴旦木含有约6克蛋白质、4克膳食纤维、75毫克钙、7.4毫克维生素E、0.3毫克维生素B2及1毫克烟酸。',999,'img/shop/59.jpg','肉脯海鲜'),(51,'瓜子',10,'葵花子当中富含不饱和脂肪酸，其中人体必需的亚油酸约达到50%～60%。\n 除富含不饱和脂肪酸外，葵花子中还含有多种维生素、叶酸、铁、钾、锌等人体必需的营养成分。\n 葵花子当中有大量的食用纤维，每7克的葵花子当中就含有1克，比苹果的食用纤维含量比例高得多。',999,'img/shop/60.jpg','肉脯海鲜'),(52,'碧根果',45,'碧根果含有丰富的脂肪、糖类、蛋白质、多种维生素和矿物质。\n 食用后能补肾健脑、补中益气，润肌肤、乌须发。壳很脆，跟香榧一样脆，易剥。肉质介于大核桃与小核桃之间，\n 碧根果是全世界17种核桃之一。',999,'img/shop/61.jpg','肉脯海鲜'),(53,'巴旦木',60,'巴旦木营养丰富，一盎司（约30克/23颗）巴旦木含有约6克蛋白质、4克膳食纤维、75毫克钙、7.4毫克维生素E、0.3毫克维生素B2及1毫克烟酸。',999,'img/shop/62.jpg','肉脯海鲜'),(54,'瓜子',10,'葵花子当中富含不饱和脂肪酸，其中人体必需的亚油酸约达到50%～60%。\n 除富含不饱和脂肪酸外，葵花子中还含有多种维生素、叶酸、铁、钾、锌等人体必需的营养成分。\n 葵花子当中有大量的食用纤维，每7克的葵花子当中就含有1克，比苹果的食用纤维含量比例高得多。',999,'img/shop/63.jpg','肉脯海鲜'),(55,'碧根果',45,'碧根果含有丰富的脂肪、糖类、蛋白质、多种维生素和矿物质。\n 食用后能补肾健脑、补中益气，润肌肤、乌须发。壳很脆，跟香榧一样脆，易剥。肉质介于大核桃与小核桃之间，\n 碧根果是全世界17种核桃之一。',999,'img/shop/64.jpg','休闲炒货'),(56,'巴旦木',60,'巴旦木营养丰富，一盎司（约30克/23颗）巴旦木含有约6克蛋白质、4克膳食纤维、75毫克钙、7.4毫克维生素E、0.3毫克维生素B2及1毫克烟酸。',999,'img/shop/65.jpg','休闲炒货'),(57,'瓜子',10,'葵花子当中富含不饱和脂肪酸，其中人体必需的亚油酸约达到50%～60%。\n 除富含不饱和脂肪酸外，葵花子中还含有多种维生素、叶酸、铁、钾、锌等人体必需的营养成分。\n 葵花子当中有大量的食用纤维，每7克的葵花子当中就含有1克，比苹果的食用纤维含量比例高得多。',999,'img/shop/66.jpg','休闲炒货'),(58,'碧根果',45,'碧根果含有丰富的脂肪、糖类、蛋白质、多种维生素和矿物质。\n 食用后能补肾健脑、补中益气，润肌肤、乌须发。壳很脆，跟香榧一样脆，易剥。肉质介于大核桃与小核桃之间，\n 碧根果是全世界17种核桃之一。',999,'img/shop/67.jpg','休闲炒货'),(59,'巴旦木',60,'巴旦木营养丰富，一盎司（约30克/23颗）巴旦木含有约6克蛋白质、4克膳食纤维、75毫克钙、7.4毫克维生素E、0.3毫克维生素B2及1毫克烟酸。',999,'img/shop/68.jpg','休闲炒货'),(60,'瓜子',10,'葵花子当中富含不饱和脂肪酸，其中人体必需的亚油酸约达到50%～60%。\n 除富含不饱和脂肪酸外，葵花子中还含有多种维生素、叶酸、铁、钾、锌等人体必需的营养成分。\n 葵花子当中有大量的食用纤维，每7克的葵花子当中就含有1克，比苹果的食用纤维含量比例高得多。',999,'img/shop/69.jpg','休闲炒货'),(61,'碧根果',45,'碧根果含有丰富的脂肪、糖类、蛋白质、多种维生素和矿物质。\n 食用后能补肾健脑、补中益气，润肌肤、乌须发。壳很脆，跟香榧一样脆，易剥。肉质介于大核桃与小核桃之间，\n 碧根果是全世界17种核桃之一。',999,'img/shop/70.jpg','休闲炒货'),(62,'巴旦木',60,'巴旦木营养丰富，一盎司（约30克/23颗）巴旦木含有约6克蛋白质、4克膳食纤维、75毫克钙、7.4毫克维生素E、0.3毫克维生素B2及1毫克烟酸。',999,'img/shop/71.jpg','休闲炒货'),(63,'瓜子',10,'葵花子当中富含不饱和脂肪酸，其中人体必需的亚油酸约达到50%～60%。\n 除富含不饱和脂肪酸外，葵花子中还含有多种维生素、叶酸、铁、钾、锌等人体必需的营养成分。\n 葵花子当中有大量的食用纤维，每7克的葵花子当中就含有1克，比苹果的食用纤维含量比例高得多。',999,'img/shop/72.jpg','休闲炒货'),(64,'碧根果',45,'碧根果含有丰富的脂肪、糖类、蛋白质、多种维生素和矿物质。\n 食用后能补肾健脑、补中益气，润肌肤、乌须发。壳很脆，跟香榧一样脆，易剥。肉质介于大核桃与小核桃之间，\n 碧根果是全世界17种核桃之一。',999,'img/shop/73.jpg','休闲炒货'),(65,'巴旦木',60,'巴旦木营养丰富，一盎司（约30克/23颗）巴旦木含有约6克蛋白质、4克膳食纤维、75毫克钙、7.4毫克维生素E、0.3毫克维生素B2及1毫克烟酸。',999,'img/shop/75.jpg','休闲炒货'),(66,'瓜子',10,'葵花子当中富含不饱和脂肪酸，其中人体必需的亚油酸约达到50%～60%。\n 除富含不饱和脂肪酸外，葵花子中还含有多种维生素、叶酸、铁、钾、锌等人体必需的营养成分。\n 葵花子当中有大量的食用纤维，每7克的葵花子当中就含有1克，比苹果的食用纤维含量比例高得多。',999,'img/shop/76.jpg','休闲炒货'),(67,'碧根果',45,'碧根果含有丰富的脂肪、糖类、蛋白质、多种维生素和矿物质。\n 食用后能补肾健脑、补中益气，润肌肤、乌须发。壳很脆，跟香榧一样脆，易剥。肉质介于大核桃与小核桃之间，\n 碧根果是全世界17种核桃之一。',999,'img/shop/77.jpg','休闲炒货'),(68,'巴旦木',60,'巴旦木营养丰富，一盎司（约30克/23颗）巴旦木含有约6克蛋白质、4克膳食纤维、75毫克钙、7.4毫克维生素E、0.3毫克维生素B2及1毫克烟酸。',999,'img/shop/78.jpg','休闲炒货'),(69,'瓜子',10,'葵花子当中富含不饱和脂肪酸，其中人体必需的亚油酸约达到50%～60%。\n 除富含不饱和脂肪酸外，葵花子中还含有多种维生素、叶酸、铁、钾、锌等人体必需的营养成分。\n 葵花子当中有大量的食用纤维，每7克的葵花子当中就含有1克，比苹果的食用纤维含量比例高得多。',999,'img/shop/79.jpg','休闲炒货'),(70,'碧根果',45,'碧根果含有丰富的脂肪、糖类、蛋白质、多种维生素和矿物质。\n 食用后能补肾健脑、补中益气，润肌肤、乌须发。壳很脆，跟香榧一样脆，易剥。肉质介于大核桃与小核桃之间，\n 碧根果是全世界17种核桃之一。',999,'img/shop/80.jpg','休闲炒货'),(71,'巴旦木',60,'巴旦木营养丰富，一盎司（约30克/23颗）巴旦木含有约6克蛋白质、4克膳食纤维、75毫克钙、7.4毫克维生素E、0.3毫克维生素B2及1毫克烟酸。',999,'img/shop/81.jpg','休闲炒货'),(72,'瓜子',10,'葵花子当中富含不饱和脂肪酸，其中人体必需的亚油酸约达到50%～60%。\n 除富含不饱和脂肪酸外，葵花子中还含有多种维生素、叶酸、铁、钾、锌等人体必需的营养成分。\n 葵花子当中有大量的食用纤维，每7克的葵花子当中就含有1克，比苹果的食用纤维含量比例高得多。',999,'img/shop/82.jpg','休闲炒货'),(73,'碧根果',45,'碧根果含有丰富的脂肪、糖类、蛋白质、多种维生素和矿物质。\n 食用后能补肾健脑、补中益气，润肌肤、乌须发。壳很脆，跟香榧一样脆，易剥。肉质介于大核桃与小核桃之间，\n 碧根果是全世界17种核桃之一。',999,'img/shop/83.jpg','果干蜜饯'),(74,'巴旦木',60,'巴旦木营养丰富，一盎司（约30克/23颗）巴旦木含有约6克蛋白质、4克膳食纤维、75毫克钙、7.4毫克维生素E、0.3毫克维生素B2及1毫克烟酸。',999,'img/shop/84.jpg','果干蜜饯'),(75,'瓜子',10,'葵花子当中富含不饱和脂肪酸，其中人体必需的亚油酸约达到50%～60%。\n 除富含不饱和脂肪酸外，葵花子中还含有多种维生素、叶酸、铁、钾、锌等人体必需的营养成分。\n 葵花子当中有大量的食用纤维，每7克的葵花子当中就含有1克，比苹果的食用纤维含量比例高得多。',999,'img/shop/85.jpg','果干蜜饯'),(76,'碧根果',45,'碧根果含有丰富的脂肪、糖类、蛋白质、多种维生素和矿物质。\n 食用后能补肾健脑、补中益气，润肌肤、乌须发。壳很脆，跟香榧一样脆，易剥。肉质介于大核桃与小核桃之间，\n 碧根果是全世界17种核桃之一。',999,'img/shop/92.jpg','果干蜜饯'),(77,'巴旦木',60,'巴旦木营养丰富，一盎司（约30克/23颗）巴旦木含有约6克蛋白质、4克膳食纤维、75毫克钙、7.4毫克维生素E、0.3毫克维生素B2及1毫克烟酸。',999,'img/shop/93.jpg','果干蜜饯'),(78,'瓜子',10,'葵花子当中富含不饱和脂肪酸，其中人体必需的亚油酸约达到50%～60%。\n 除富含不饱和脂肪酸外，葵花子中还含有多种维生素、叶酸、铁、钾、锌等人体必需的营养成分。\n 葵花子当中有大量的食用纤维，每7克的葵花子当中就含有1克，比苹果的食用纤维含量比例高得多。',999,'img/shop/94.jpg','果干蜜饯'),(79,'碧根果',45,'碧根果含有丰富的脂肪、糖类、蛋白质、多种维生素和矿物质。\n 食用后能补肾健脑、补中益气，润肌肤、乌须发。壳很脆，跟香榧一样脆，易剥。肉质介于大核桃与小核桃之间，\n 碧根果是全世界17种核桃之一。',999,'img/shop/95.jpg','果干蜜饯'),(80,'巴旦木',60,'巴旦木营养丰富，一盎司（约30克/23颗）巴旦木含有约6克蛋白质、4克膳食纤维、75毫克钙、7.4毫克维生素E、0.3毫克维生素B2及1毫克烟酸。',999,'img/shop/96.jpg','果干蜜饯'),(81,'瓜子',10,'葵花子当中富含不饱和脂肪酸，其中人体必需的亚油酸约达到50%～60%。\n 除富含不饱和脂肪酸外，葵花子中还含有多种维生素、叶酸、铁、钾、锌等人体必需的营养成分。\n 葵花子当中有大量的食用纤维，每7克的葵花子当中就含有1克，比苹果的食用纤维含量比例高得多。',999,'img/shop/97.jpg','果干蜜饯'),(82,'碧根果',45,'碧根果含有丰富的脂肪、糖类、蛋白质、多种维生素和矿物质。\n 食用后能补肾健脑、补中益气，润肌肤、乌须发。壳很脆，跟香榧一样脆，易剥。肉质介于大核桃与小核桃之间，\n 碧根果是全世界17种核桃之一。',999,'img/shop/98.jpg','果干蜜饯'),(83,'巴旦木',60,'巴旦木营养丰富，一盎司（约30克/23颗）巴旦木含有约6克蛋白质、4克膳食纤维、75毫克钙、7.4毫克维生素E、0.3毫克维生素B2及1毫克烟酸。',999,'img/shop/99.jpg','果干蜜饯'),(84,'瓜子',10,'葵花子当中富含不饱和脂肪酸，其中人体必需的亚油酸约达到50%～60%。\n 除富含不饱和脂肪酸外，葵花子中还含有多种维生素、叶酸、铁、钾、锌等人体必需的营养成分。\n 葵花子当中有大量的食用纤维，每7克的葵花子当中就含有1克，比苹果的食用纤维含量比例高得多。',999,'img/shop/9.jpg','果干蜜饯'),(85,'碧根果',45,'碧根果含有丰富的脂肪、糖类、蛋白质、多种维生素和矿物质。\n 食用后能补肾健脑、补中益气，润肌肤、乌须发。壳很脆，跟香榧一样脆，易剥。肉质介于大核桃与小核桃之间，\n 碧根果是全世界17种核桃之一。',999,'img/shop/1.jpg','果干蜜饯'),(86,'巴旦木',60,'巴旦木营养丰富，一盎司（约30克/23颗）巴旦木含有约6克蛋白质、4克膳食纤维、75毫克钙、7.4毫克维生素E、0.3毫克维生素B2及1毫克烟酸。',999,'img/shop/2.jpg','果干蜜饯'),(87,'瓜子',10,'葵花子当中富含不饱和脂肪酸，其中人体必需的亚油酸约达到50%～60%。\n 除富含不饱和脂肪酸外，葵花子中还含有多种维生素、叶酸、铁、钾、锌等人体必需的营养成分。\n 葵花子当中有大量的食用纤维，每7克的葵花子当中就含有1克，比苹果的食用纤维含量比例高得多。',999,'img/shop/9.jpg','果干蜜饯'),(88,'碧根果',45,'碧根果含有丰富的脂肪、糖类、蛋白质、多种维生素和矿物质。\n 食用后能补肾健脑、补中益气，润肌肤、乌须发。壳很脆，跟香榧一样脆，易剥。肉质介于大核桃与小核桃之间，\n 碧根果是全世界17种核桃之一。',999,'img/shop/1.jpg','果干蜜饯'),(89,'巴旦木',60,'巴旦木营养丰富，一盎司（约30克/23颗）巴旦木含有约6克蛋白质、4克膳食纤维、75毫克钙、7.4毫克维生素E、0.3毫克维生素B2及1毫克烟酸。',999,'img/shop/2.jpg','果干蜜饯'),(90,'瓜子',10,'葵花子当中富含不饱和脂肪酸，其中人体必需的亚油酸约达到50%～60%。\n 除富含不饱和脂肪酸外，葵花子中还含有多种维生素、叶酸、铁、钾、锌等人体必需的营养成分。\n 葵花子当中有大量的食用纤维，每7克的葵花子当中就含有1克，比苹果的食用纤维含量比例高得多。',999,'img/shop/9.jpg','果干蜜饯'),(91,'碧根果',45,'碧根果含有丰富的脂肪、糖类、蛋白质、多种维生素和矿物质。\n 食用后能补肾健脑、补中益气，润肌肤、乌须发。壳很脆，跟香榧一样脆，易剥。肉质介于大核桃与小核桃之间，\n 碧根果是全世界17种核桃之一。',999,'img/shop/1.jpg','养生红枣'),(92,'巴旦木',60,'巴旦木营养丰富，一盎司（约30克/23颗）巴旦木含有约6克蛋白质、4克膳食纤维、75毫克钙、7.4毫克维生素E、0.3毫克维生素B2及1毫克烟酸。',999,'img/shop/2.jpg','养生红枣'),(93,'瓜子',10,'葵花子当中富含不饱和脂肪酸，其中人体必需的亚油酸约达到50%～60%。\n 除富含不饱和脂肪酸外，葵花子中还含有多种维生素、叶酸、铁、钾、锌等人体必需的营养成分。\n 葵花子当中有大量的食用纤维，每7克的葵花子当中就含有1克，比苹果的食用纤维含量比例高得多。',999,'img/shop/9.jpg','养生红枣'),(94,'碧根果',45,'碧根果含有丰富的脂肪、糖类、蛋白质、多种维生素和矿物质。\n 食用后能补肾健脑、补中益气，润肌肤、乌须发。壳很脆，跟香榧一样脆，易剥。肉质介于大核桃与小核桃之间，\n 碧根果是全世界17种核桃之一。',999,'img/shop/1.jpg','养生红枣'),(95,'巴旦木',60,'巴旦木营养丰富，一盎司（约30克/23颗）巴旦木含有约6克蛋白质、4克膳食纤维、75毫克钙、7.4毫克维生素E、0.3毫克维生素B2及1毫克烟酸。',999,'img/shop/2.jpg','养生红枣'),(96,'瓜子',10,'葵花子当中富含不饱和脂肪酸，其中人体必需的亚油酸约达到50%～60%。\n 除富含不饱和脂肪酸外，葵花子中还含有多种维生素、叶酸、铁、钾、锌等人体必需的营养成分。\n 葵花子当中有大量的食用纤维，每7克的葵花子当中就含有1克，比苹果的食用纤维含量比例高得多。',999,'img/shop/9.jpg','养生红枣'),(97,'碧根果',45,'碧根果含有丰富的脂肪、糖类、蛋白质、多种维生素和矿物质。\n 食用后能补肾健脑、补中益气，润肌肤、乌须发。壳很脆，跟香榧一样脆，易剥。肉质介于大核桃与小核桃之间，\n 碧根果是全世界17种核桃之一。',999,'img/shop/1.jpg','养生红枣'),(98,'巴旦木',60,'巴旦木营养丰富，一盎司（约30克/23颗）巴旦木含有约6克蛋白质、4克膳食纤维、75毫克钙、7.4毫克维生素E、0.3毫克维生素B2及1毫克烟酸。',999,'img/shop/2.jpg','养生红枣'),(99,'瓜子',10,'葵花子当中富含不饱和脂肪酸，其中人体必需的亚油酸约达到50%～60%。\n 除富含不饱和脂肪酸外，葵花子中还含有多种维生素、叶酸、铁、钾、锌等人体必需的营养成分。\n 葵花子当中有大量的食用纤维，每7克的葵花子当中就含有1克，比苹果的食用纤维含量比例高得多。',999,'img/shop/9.jpg','养生红枣'),(100,'碧根果',45,'碧根果含有丰富的脂肪、糖类、蛋白质、多种维生素和矿物质。\n 食用后能补肾健脑、补中益气，润肌肤、乌须发。壳很脆，跟香榧一样脆，易剥。肉质介于大核桃与小核桃之间，\n 碧根果是全世界17种核桃之一。',999,'img/shop/1.jpg','养生红枣'),(101,'巴旦木',60,'巴旦木营养丰富，一盎司（约30克/23颗）巴旦木含有约6克蛋白质、4克膳食纤维、75毫克钙、7.4毫克维生素E、0.3毫克维生素B2及1毫克烟酸。',999,'img/shop/2.jpg','养生红枣'),(102,'瓜子',10,'葵花子当中富含不饱和脂肪酸，其中人体必需的亚油酸约达到50%～60%。\n 除富含不饱和脂肪酸外，葵花子中还含有多种维生素、叶酸、铁、钾、锌等人体必需的营养成分。\n 葵花子当中有大量的食用纤维，每7克的葵花子当中就含有1克，比苹果的食用纤维含量比例高得多。',999,'img/shop/9.jpg','养生红枣'),(103,'碧根果',45,'碧根果含有丰富的脂肪、糖类、蛋白质、多种维生素和矿物质。\n 食用后能补肾健脑、补中益气，润肌肤、乌须发。壳很脆，跟香榧一样脆，易剥。肉质介于大核桃与小核桃之间，\n 碧根果是全世界17种核桃之一。',999,'img/shop/1.jpg','养生红枣'),(104,'巴旦木',60,'巴旦木营养丰富，一盎司（约30克/23颗）巴旦木含有约6克蛋白质、4克膳食纤维、75毫克钙、7.4毫克维生素E、0.3毫克维生素B2及1毫克烟酸。',999,'img/shop/2.jpg','养生红枣'),(105,'瓜子',10,'葵花子当中富含不饱和脂肪酸，其中人体必需的亚油酸约达到50%～60%。\n 除富含不饱和脂肪酸外，葵花子中还含有多种维生素、叶酸、铁、钾、锌等人体必需的营养成分。\n 葵花子当中有大量的食用纤维，每7克的葵花子当中就含有1克，比苹果的食用纤维含量比例高得多。',999,'img/shop/9.jpg','养生红枣'),(106,'碧根果',45,'碧根果含有丰富的脂肪、糖类、蛋白质、多种维生素和矿物质。\n 食用后能补肾健脑、补中益气，润肌肤、乌须发。壳很脆，跟香榧一样脆，易剥。肉质介于大核桃与小核桃之间，\n 碧根果是全世界17种核桃之一。',999,'img/shop/1.jpg','养生红枣'),(107,'巴旦木',60,'巴旦木营养丰富，一盎司（约30克/23颗）巴旦木含有约6克蛋白质、4克膳食纤维、75毫克钙、7.4毫克维生素E、0.3毫克维生素B2及1毫克烟酸。',999,'img/shop/2.jpg','养生红枣'),(108,'瓜子',10,'葵花子当中富含不饱和脂肪酸，其中人体必需的亚油酸约达到50%～60%。\n 除富含不饱和脂肪酸外，葵花子中还含有多种维生素、叶酸、铁、钾、锌等人体必需的营养成分。\n 葵花子当中有大量的食用纤维，每7克的葵花子当中就含有1克，比苹果的食用纤维含量比例高得多。',999,'img/shop/9.jpg','养生红枣');

/*Table structure for table `userinfo` */

DROP TABLE IF EXISTS `userinfo`;

CREATE TABLE `userinfo` (
  `user_id` int(11) NOT NULL AUTO_INCREMENT COMMENT '用户名id',
  `user_name` varchar(20) NOT NULL COMMENT '用户名',
  `user_pwd` varchar(50) NOT NULL COMMENT '用户名密码',
  `user_salt` varchar(10) NOT NULL COMMENT '盐值',
  `user_reallyName` varchar(20) DEFAULT NULL COMMENT '真实名字',
  `user_sex` varchar(1) DEFAULT NULL COMMENT '性别',
  `user_email` varchar(100) DEFAULT NULL COMMENT '邮箱',
  `user_qq` varchar(20) DEFAULT NULL COMMENT 'QQ',
  `user_tel` varchar(20) DEFAULT NULL COMMENT '电话',
  `user_address` varchar(100) DEFAULT NULL COMMENT '地址',
  `user_path` varchar(200) DEFAULT NULL COMMENT '头像地址',
  PRIMARY KEY (`user_id`),
  UNIQUE KEY `user_name` (`user_name`),
  KEY `user_email` (`user_email`),
  KEY `user_email_2` (`user_email`)
) ENGINE=InnoDB AUTO_INCREMENT=10 DEFAULT CHARSET=utf8;

/*Data for the table `userinfo` */

insert  into `userinfo`(`user_id`,`user_name`,`user_pwd`,`user_salt`,`user_reallyName`,`user_sex`,`user_email`,`user_qq`,`user_tel`,`user_address`,`user_path`) values (5,'志清丶','cb4ab2683fe19c3e4784ea5e6dd7646e3f655344','czBhdXJL',NULL,NULL,'1143046586@qq.com',NULL,'13366247478',NULL,NULL),(7,'alalala','93fc001c708ec7011662f08cba1fb4ddb47bc8ff','b0loelM2',NULL,NULL,'862907115@qq.com',NULL,'12323232323',NULL,NULL),(8,'吃货冯','929f65949c1f473cf63317d56550459f8d0679e7','T2tLRjRB',NULL,NULL,'2862338470@qq.com',NULL,'13366247478',NULL,NULL),(9,'吃货刚','85ed7c0d13cae611e5a4efe45371f3d3cc24787d','VU1wRnJP',NULL,NULL,'1160631197@qq.com',NULL,'15111537633',NULL,NULL);

/*!40101 SET SQL_MODE=@OLD_SQL_MODE */;
/*!40014 SET FOREIGN_KEY_CHECKS=@OLD_FOREIGN_KEY_CHECKS */;
/*!40014 SET UNIQUE_CHECKS=@OLD_UNIQUE_CHECKS */;
/*!40111 SET SQL_NOTES=@OLD_SQL_NOTES */;
